Whatley,Sealand,Tilly,954745937
Checcuzzi,Applegarth,Britte,954998294
Heinrici,Smallridge,Humbert,954042068
Staunton,Merwood,Bren,954868571
Jandera,Bossel,Lorettalorna,954719876
Thomen,Walton,Rusty,954203287
Kester,Cleaton,Larissa,954076584
Ibeson,Koenraad,Hector,954492440
Collcutt,Swannack,Harv,954371578
Thewlis,Pantlin,Tatiania,954889310
Seal,Godlee,Harlin,954404349
Doog,Lifsey,Staci,954530477
Stenners,Ielden,Gayla,954790614
Chapelle,Haig,Rod,954305990
Gligoraci,Tree,Ladonna,954275449
Stollwerk,Druhan,Richard,954234096
Meakes,Kocher,Fairlie,954644680
Teather,Gonsalvo,Max,954376391
McKeller,Pace,Rich,954651409
Wales,Hadlee,Tallia,954868971
Maggill'Andreis,Adair,Thayne,954539228
Greig,Eisikovitsh,Birgitta,954581901
Blakeslee,Manginot,Jacynth,954929843
Bucksey,Palffy,Orsola,954278609
Ploughwright,Weatherley,Saree,954155890
Mullinger,McTaggart,Eddie,954776170
Brockhurst,Lamberts,Stanleigh,954325320
Orgel,Line,Dianne,954356899
Morais,Brown,Benetta,954881304
Bambrough,Vassel,Nefen,954112698
Rhodus,Cosgriff,Irina,954713139
Ramlot,Dutton,Janela,954050493
Petroff,Morrilly,Darby,954078547
Coutts,Drescher,Glendon,954225148
Burchall,MacKellen,Gerty,954263136
Kiddell,Agge,Gibb,954413383
Thornton,Vampouille,Daffi,954893326
Cremin,Benjamin,Leroi,954046223
Eloi,Camel,Waly,954204684
Matthis,Tabb,Reeva,954020056
Ferne,Gilluley,Georgianna,954709588
Vaughan-Hughes,Yuryichev,Glenn,954709825
Adam,Lelliott,Antonin,954071606
Warboy,Bannon,Kore,954137032
Dreger,Toal,Starlene,954853601
Wattingham,Crecy,Ianthe,954461157
Fearby,Hundley,Gram,954721436
Francis,McComiskey,Caressa,954620776
Germann,Di Carlo,Wayland,954556138
Whiteland,Maytom,Johannah,954705907
Pobjoy,Swaisland,Grace,954323413
Pitherick,Simonsson,Ignacius,954525861
Holde,Nielson,Vic,954370903
Uridge,Stone,Zacharias,954562761
Eldrid,Maslen,Eddy,954117396
Paige,Blei,Lanni,954368521
Dobing,Casassa,Zebulen,954660446
Duplock,Mahon,Alis,954326257
Grioli,Witling,Gun,954035586
Ughelli,Gasken,Goober,954293024
Knifton,Webling,Luella,954521308
Kirsz,Driver,Dion,954984085
Simka,Sisneros,Ric,954396895
Ofer,Hyndley,Carlye,954892354
Garrould,Laming,Farlay,954747308
Rany,Bresland,Adriano,954293588
Ploughwright,Vedenisov,Kym,954849014
Jodrelle,Jerzak,Goober,954296598
Brixey,Vasiliu,Carolus,954168483
Jagger,Udden,Sibbie,954954835
Cattermoul,Mee,Ginnifer,954557709
Greensides,Grooby,Damaris,954314193
Krammer,O'Dyvoie,Will,954421521
Larmor,Croft,Abeu,954555147
Fernley,Helgass,Belvia,954330957
Francescotti,Dailly,Kellie,954089596
Roberti,Game,Katrine,954742772
Bovingdon,Rentenbeck,Gabrila,954892753
Pescott,Clogg,Elvina,954881239
Cheverell,Farmer,Mead,954093281
Brooker,Meddemmen,Lamond,954351962
Potzold,Forster,Libby,954586111
Kochl,Antonich,Marley,954690147
Enever,Morgue,Marylin,954450236
Coarser,Mityashin,Dick,954796276
Turley,Brassington,Bancroft,954746385
Meineken,Ruggieri,Marshall,954898004
Egell,Dobbs,Peder,954780113
Luebbert,Kemmer,Nev,954465535
De Blasio,Pratten,Chrissie,954857021
Devonside,Helmke,Emmit,954230856
McGrudder,Cluse,Friederike,954164787
Veck,Rapin,Terry,954492219
Danelet,Watsham,Conny,954538511
Etridge,Schubert,Pembroke,954375883
Jacobovitch,Bowery,Kari,954560727
Dearth,Kniveton,Robbie,954714472
Gorusso,Corpe,Kliment,954717887
Imeson,Liversley,Humfried,954213897
Squire,MacConnell,Madelaine,954917309
Vischi,Kos,Grover,954335640
Geggus,Stone,Dorothy,954343258
Richards,Wolseley,Langsdon,954375373
Dudderidge,Aleksankov,Ellwood,954856176
Fairburn,Radish,Sena,954306435
Prestedge,Bone,Chandler,954980327
Goggey,Turk,Julianna,954497458
Kenwright,Jozefowicz,Callida,954541133
Barock,Bolsover,Iain,954195516
Scragg,Found,Renado,954870384
Woollaston,Manthorpe,Alissa,954445049
Duthie,Garwell,Ruben,954484327
Pol,Blondell,Lawry,954291660
Follan,Banes,Sonya,954474899
Orro,Kemme,Nanete,954831752
Guyton,Haslehurst,Selby,954905440
Moth,Potteridge,Orbadiah,954898189
Thame,Golledge,Claudia,954814284
Hardington,Shiril,Jon,954439456
Figgen,Grioli,Mariana,954792745
Millican,Kenealy,Zared,954048350
Kinlock,Whyatt,Tremain,954778361
Fossett,Haggerty,Ibby,954367421
Curcher,Helkin,Chelsy,954842646
Derrington,Parlett,Chico,954780435
Sandys,Chatt,Jay,954454653
Jarrad,Vasyukhnov,Pincus,954595378
Quinney,Clutterham,Seka,954636270
Edmondson,Esson,Tove,954225814
Dunniom,Torald,Stormie,954060832
Chamberlaine,Sykes,Delano,954378009
Meran,Scroggs,Oralie,954196156
Erwin,Tooting,Osmond,954823787
Jennens,Nattrass,Shelagh,954495361
Tuting,Dalglish,Natalina,954720113
Biesty,Bloxsum,Hugibert,954693205
MacKeogh,Braddick,Brynne,954541501
Blackett,Fosten,Peggi,954815017
Moules,Bruckent,Olympia,954099282
Kilbee,Dable,Aile,954348113
Riolfo,Feldbrin,Arlan,954586239
Snelgar,Hugh,Florence,954163441
Duckerin,Jarrett,Lynna,954960812
Greenroad,MacAirt,Ozzy,954922911
Deakes,Guillard,Isac,954339915
Staresmeare,Merriment,Cesaro,954250456
MacNamara,Godin,Pierre,954574584
Stowers,Jeckell,Alane,954835751
Droogan,Schwandermann,Betta,954190469
Jeandillou,Darling,Dennis,954938734
Tock,Morrow,Reidar,954560206
Leyden,Letteresse,Bette-ann,954621844
Calbert,Retchford,Erasmus,954793861
Merriday,Charlon,Donalt,954078116
Groucutt,Zelake,Kathryn,954482918
Budden,Tooting,Sella,954249872
Shelmardine,Harrisson,Jeff,954635523
Poleykett,Villiers,Barrie,954115056
Simonnot,Kidder,Ebeneser,954989819
Pledger,Meneely,Stearne,954100138
Andreucci,Hawkeswood,Nelson,954784918
Sale,Pancost,Tedie,954818310
Whorlow,Izen,Alano,954409789
Mearing,Gasticke,Alfonse,954591385
Mouton,Oleshunin,Babbie,954205818
Dmiterko,Duffy,Nealson,954827361
Daughtery,Brickner,Corby,954402374
Renard,Gianullo,Annmarie,954033921
Marney,Fingleton,Titus,954001895
Croall,Faint,Onfre,954475975
Bromehead,Chaffer,Constantin,954606911
MacKill,Issakov,Janey,954612555
Moro,Dayer,Gianna,954959419
Stathor,MacFarlan,Jessalin,954624840
Gissop,Nelius,Hillyer,954629812
Bundy,Kitchingman,Christel,954671673
MacAllester,Leach,Maren,954075563
Frede,Mibourne,Lilas,954066916
Massinger,McCloy,Ardys,954032114
Shearsby,Foro,Rozamond,954715490
Howle,McNabb,Mack,954363973
Coviello,Mosconi,Sandro,954880661
Lippo,Luscombe,Car,954011796
Leathers,Murrells,Laryssa,954935710
Muckian,Glison,Mollie,954097970
Maskall,Bartul,Lynnet,954484680
Coneau,Durant,Malynda,954393153
Bogey,Rew,Abbye,954628389
Pashan,Lawey,Stern,954377366
Floodgate,Whybrow,Amandy,954535943
Skatcher,McCanny,Avis,954529012
Greenman,Glanfield,Willa,954033568
Silbersak,Bearblock,Jeremie,954901076
Geratasch,Blackah,Simone,954517432
Denman,Kennard,Cymbre,954648678
Studman,Jedrychowski,Adelheid,954990123
Bertouloume,Erasmus,Jaquenetta,954014899
Pitrollo,Sclater,Cy,954147388
Hambers,Reinhard,Phyllys,954660261
Murty,Hylands,Lambert,954310245
Roocroft,Gricks,Dyana,954118999
Klewer,Tabourin,Twyla,954007500
Vowdon,Walster,Shena,954278204
Simmell,Marriage,Katinka,954069267
Peaker,Beavers,Josefina,954630104
Ferson,Barnett,Caitrin,954042996
Wight,Marples,Stanfield,954497598
Jurkiewicz,Drewes,Quintina,954665812
Cursons,L'Archer,Marcile,954245274
Haggata,Selborne,Brucie,954167804
Brereton,Ghelarducci,Hi,954602039
Hoyt,Easterbrook,Shelia,954256277
Dymidowicz,Dawdry,Ranee,954027893
Linne,Swidenbank,Perren,954671857
Tring,Astall,Samara,954376450
Keer,Cuell,Fernande,954679212
Tunmore,Huckin,Cati,954031560
Folds,Grigaut,Filberte,954825606
Phythien,Norman,Charmine,954400720
Cattle,Kench,Giorgia,954760428
Eborall,Domone,Corty,954625661
Gow,Woodruff,Nola,954926399
Harry,Braksper,Bill,954471407
Rochford,Leighton,Blanche,954675612
Pinder,Hub,Ileana,954278330
Rolland,Bladon,Isacco,954332373
Simmons,Aslett,Hayes,954955419
Pipe,Matushevich,Georgie,954174540
Nix,Locard,Kelila,954347878
Lockett,Boler,Sheppard,954361678
Broadfield,Stollmeier,Jessalin,954183237
Coates,Moran,Burty,954251975
Malicki,Tedder,Kelcey,954710800
Maddison,Viccars,Willi,954530283
Lennard,FitzAlan,Easter,954047874
Thewless,Girogetti,Connie,954677909
Tuftin,Dresse,Obidiah,954391929
Battison,Klimowski,Gamaliel,954848696
Winship,Howorth,Patricio,954890675
Brandino,Eberz,Shamus,954852542
de Voiels,Ousley,Garret,954024919
Dudding,Muckersie,Biddie,954696570
Pollendine,Doubleday,Fons,954559317
Jonczyk,Keeri,Dallas,954346591
Jerg,Spencley,Ada,954566123
Fader,Aluard,Cheri,954433805
Lafranconi,Eardley,Georas,954531479
Veronique,Woodward,Jarrad,954269741
Cothey,Freeberne,Leta,954299187
Beddo,Beincken,Nerty,954493385
Ivamy,Sambrook,Phip,954823855
Toman,Avrashin,Tierney,954141139
Lathy,Narraway,Oriana,954863560
Simm,Edon,Dory,954455214
Brodeau,Landy,Abdel,954238635
Brilon,Petroff,Saudra,954019340
Boerder,Sevitt,Elaina,954977523
Dublin,Subhan,Dode,954444953
Karp,Ballefant,Legra,954305044
Tallach,Sinyard,Lorne,954379583
Harpham,Ulrik,Constantino,954796653
McCrann,Ousley,Darnall,954627858
Feld,Jocic,Reinhard,954929441
Denham,Dawdry,Ebeneser,954802874
Gourdon,Tubbles,Ray,954149472
Tipton,Yablsley,Lenci,954583102
MacElholm,Hourihan,Ailbert,954637544
McCollum,Brannan,Cordy,954902815
Ebbs,Whellans,Welsh,954446037
Paoloni,Leeman,Borg,954075739
Holtaway,Isitt,Phylys,954939487
Grishagin,Mc Gorley,Irwinn,954956541
Fillan,Pitkin,Shanon,954977389
Glusby,Gotecliffe,Josefa,954635569
Demoge,Vasilic,Charyl,954195276
Justice,Piotr,Aurthur,954678308
Marshman,Dudgeon,Caril,954448462
Goosnell,Ollive,De witt,954712055
Billsberry,Whilder,Brade,954928561
Kobierra,Dickinson,Fayre,954998917
Edsell,Berg,Minnnie,954678027
Juschke,Prigg,Dewey,954949240
Musla,Lamkin,Dell,954095166
Folliott,Brownlie,Rolf,954255745
Dunkersley,Turbern,Rosco,954254880
Atcherley,Fley,Ravi,954617252
Ephgrave,Sollas,Vinny,954574725
Jayume,Pech,Colman,954541048
Wallman,Shovell,Ellie,954383569
Sheere,McGeneay,Giacomo,954861861
Reignould,Le Estut,Kendall,954768728
Trigwell,Speirs,Alidia,954062769
Jouen,Crutcher,Skippy,954260144
Coatman,O'Carran,Sara-ann,954518658
Baudry,Lenchenko,Kasper,954245049
Poncet,Sowersby,Laurie,954753038
Gosden,Blaycock,Janeta,954665868
Maps,Deetlof,Cherey,954614484
Aubury,Dorre,Adolpho,954639133
Manuelli,Hansen,Licha,954455816
Pressman,Chansonnau,Alex,954153488
Reneke,Craker,Wallie,954505508
Hassewell,Blueman,Lynn,954706091
Harlett,Gray,Jard,954902151
Feckey,Hindrich,Gaylene,954320033
Vest,Fold,Thea,954349371
Gwyn,Grice,Jayme,954999121
Rzehor,Swoffer,Myrtia,954627674
Lorain,Tumielli,Riva,954709760
McKinna,Viveash,Chery,954060281
Ambrosch,Catlin,Auguste,954933142
Bambridge,Baser,Cherilynn,954037985
Cubbino,Tucsell,Helge,954256169
Menco,Bernard,Cristie,954576421
Smullin,Geistbeck,Timmy,954863548
Iacopini,Jindrich,Case,954440109
Jouannot,Hylden,Catriona,954265296
Titcumb,Bezarra,Matthiew,954370075
Glasheen,Acosta,Pattin,954715672
Wixey,Lehr,Germana,954465766
Shedd,Kidston,Sandro,954834002
Pamphilon,Cutbirth,Nertie,954488762
Machans,Toyne,Rubina,954855017
Gurnay,Nasi,Loretta,954500093
Tyhurst,Crady,Gonzales,954607732
Pinchbeck,Dentith,Aaron,954518427
Arman,O'Gleasane,Lionel,954875893
Memory,Brigginshaw,Farlay,954562002
Shewring,Warmisham,Booth,954765309
Mance,Gilleon,Nikolaos,954862716
Dyment,Gavozzi,Valentia,954985907
Flint,Deignan,Yorke,954628693
Lettson,Jerrand,Carolina,954106100
Dearle,Peyro,Dene,954834632
Dandison,Souten,Wandie,954878560
Shedden,McKane,Casandra,954874563
Littleproud,Boaler,Raina,954573704
Silvester,Beinisch,Nicoline,954611327
Petrak,Freezer,Janeen,954661709
Billings,Iskowitz,Bail,954324853
Arniz,Cottham,Burt,954746481
Woolfitt,Valasek,Dun,954032352
Braywood,Astbury,Conroy,954408887
Service,McMenamy,Warden,954358363
Gudgeon,Smullen,Lebbie,954724454
Piddick,Skitteral,Conrade,954111951
Maylin,Vivien,Bernarr,954179186
Battey,Hessle,Nanice,954474058
Ancell,Suttie,Tony,954486326
Lebbern,Desporte,Antin,954802148
Presidey,Triplow,Aldrich,954665943
Shire,Scrivener,Elenore,954154648
Ensor,Abramof,Valenka,954411179
Lethardy,Messiter,Claudine,954834548
Stodit,Mewburn,Duke,954778201
Free,Emeny,Barnabe,954176296
Sapshed,Atkin,Inglis,954162811
Brashier,Shovlin,Jaine,954859709
Moriarty,Roman,Orly,954664530
Joselin,Klais,Aksel,954846732
Tuckey,Pigrome,Bartlett,954119494
Hannay,Brawley,Tristan,954903860
Kynder,Hanniger,Cordey,954168735
Blanking,Haselwood,Dom,954431206
Kondratenya,Bluschke,Annnora,954899591
Cullinan,Pumphrey,Ekaterina,954248347
Treher,De la Yglesia,Dixie,954870863
MacVicar,Kilbride,Wilow,954827177
Swayland,Corrin,Sissie,954185748
Wrixon,Chstney,Carmelina,954134329
Rive,Alberts,Bendite,954259713
Denslow,Swash,Lovell,954160149
Peck,Oxtarby,Marcille,954422675
Glazzard,Baruch,Killy,954663423
Londer,Giffaut,Vonni,954549112
Karlqvist,Stanlock,Vivyanne,954396955
Markwick,Cobley,Nathaniel,954605634
Cholwell,Kelwick,Gage,954559765
Kubera,Ledes,Mariette,954811118
Baynton,Willbraham,Sybila,954798328
Stickells,Fulloway,Angelica,954312708
Deeprose,Drinkhall,Mariette,954500157
McColl,Flattman,Fran,954310730
Ridder,Whibley,Romeo,954241233
Kulicke,Jowling,Nathaniel,954557969
Bore,Maxwaile,Osborne,954360117
Ghidini,Anslow,Shaun,954067485
O'Lenane,Tevlin,Wiatt,954719460
Trenam,Dimitriades,Hendrik,954514587
Greenin,Baggiani,Daveen,954275682
Conti,Benardet,Pietrek,954968340
Salkild,Headrick,Brad,954724417
Donaway,Klimshuk,Friedrick,954551856
Richel,Caccavella,Steven,954357106
Pitchford,Rubinowitch,Nadya,954222589
Thirwell,Weare,Stavro,954733063
Sleeny,De Vries,Bud,954755068
Itzkovwitch,Shall,Tamar,954481739
Summerill,Kiezler,Jonie,954334304
Heyns,Adamo,Patric,954278830
Kane,Cokayne,Rhoda,954088787
Sigfrid,O'Dooghaine,Avery,954502957
Delagnes,Storah,Ag,954647735
Matyatin,De Santos,Yolanda,954614074
Meysham,Kaley,Gilbertina,954149441
Novkovic,Meckiff,Brendis,954875552
Strettle,Midgley,Stacy,954765589
Wilcocke,Burthom,Harcourt,954220618
Heiner,Edgeler,Olivette,954661613
Sach,Rickarsey,Ninetta,954005533
Skocroft,Snowsill,Sara-ann,954731754
Petricek,Attoc,Darsie,954382503
Mullord,Nutt,Dulsea,954251335
Basson,Bartel,Allistir,954720013
Gascoyen,Harragin,Dorie,954430873
Blackden,Onele,Lorenzo,954536218
Sinyard,Goodright,Evelyn,954869346
Evison,Greengrass,Wayne,954577973
Golling,Savil,Enrichetta,954555811
Charnock,Muckle,Orren,954931918
Canto,Tuppeny,Michel,954178270
Drew-Clifton,Laycock,Flore,954981018
Hupka,Swiggs,Rubia,954261640
Marval,Zorzin,Jamie,954216599
Marioneau,Pauncefort,Janeva,954124547
Kissell,Dener,Dita,954341583
Bleas,Crichten,Doyle,954571320
Jaimez,Elcoat,Isidoro,954510527
Slesser,Libbie,Piggy,954698970
Fowles,Fenelon,Thea,954981760
Decreuze,Jaxon,Rowan,954452797
Blakeslee,Van Der Walt,Nelly,954975556
McAne,Tregian,Rodolph,954043748
Roels,Clow,Mariam,954872438
Colerick,Gyppes,Dione,954327750
Zold,St. Paul,Risa,954880934
Priddy,Lis,Gunar,954059409
Myhan,Tippler,Hugues,954602536
Kyllford,Corkish,Malinda,954676373
Reese,Challes,Nerty,954637685
McNair,Marian,Godfrey,954064984
Jeggo,Lamswood,Peder,954042529
Gopsill,Addionizio,Larissa,954025192
Larham,Hourahan,Corrianne,954416303
Caff,Alvarado,Robin,954221663
Eastmead,Bum,Drucill,954164594
Slark,Timny,Job,954223014
Dabbes,Senchenko,Milissent,954700357
Harbron,Liveley,Giacinta,954844202
Chaloner,Wanjek,Broderic,954510766
Langcastle,Sinnat,Alexia,954553253
Bonefant,Bette,Etty,954441233
Baudon,Bedenham,Caroljean,954886833
Hlavecek,Mayes,Emelia,954163667
Charlick,Leemans,Clyve,954367781
Cokly,Westbury,Rochette,954167128
Tevelov,Ousley,Whitman,954136133
Crimin,Qualtro,Bobbie,954990568
Fleckness,Brocks,Chrotoem,954711820
Pietrasik,Linder,Didi,954161103
Lauks,Olin,Joana,954579221
Ciementini,Eggleton,Minne,954433365
Noades,Logg,Alexandra,954161395
Cristofalo,Bloom,Arnuad,954736621
Izacenko,Alennikov,Olympe,954688426
Freund,Feye,Matty,954794990
Antrobus,Mirfin,Dorella,954516238
Lillegard,Swalwel,Natka,954635409
Pettus,Hubbert,Anjanette,954967145
Saundercock,Labone,Cherrita,954890713
Martinetto,Befroy,Cyndia,954831574
Pym,Ffoulkes,Ashien,954426046
Burcher,Course,Maggi,954017133
Ruck,Beiderbeck,Noemi,954160237
Henricsson,Hawkridge,Dinny,954240174
Manach,Currin,Cherlyn,954514829
Zimmermeister,Codi,Lyndell,954192357
Krzyzanowski,Roblett,Lindie,954670232
Gorstidge,Beebee,Elyssa,954324323
July,Nickels,Pier,954092223
Royste,Neely,Alard,954225636
Orwell,Warhurst,Wyatan,954613440
Ludlom,Froschauer,Jsandye,954299775
Largan,Borris,Lowrance,954833552
Audley,Boothby,Cecily,954263734
Iacoviello,Perin,Klara,954088374
Gissing,Bownass,Tammi,954219531
Braybrooks,Petticrow,Gianna,954838788
Mayoral,Dumphry,Pepe,954399828
Gabbidon,Lanston,Douglass,954449682
Haddock,Pittem,Wit,954577411
Scorey,Raatz,Stefanie,954850843
Gimblet,Bursell,Cazzie,954978270
Kubat,Ivasyushkin,Stanfield,954841701
McAuley,Brendel,Marie-jeanne,954598443
Hitschke,O'Lennachain,Jackelyn,954604706
Nussii,Alcorn,Renato,954584503
Lindenstrauss,Auton,Nicoli,954349828
Varns,Oganesian,Hannis,954140419
Stanhope,Davidov,Rolando,954445840
McAlester,Spruce,Rand,954222661
Corser,Stucke,Helli,954845258
Cluet,Doding,Tomlin,954369311
Ondrak,Bilston,Debbi,954557881
Forrington,Hannigan,Valera,954043514
Bloxland,Edgler,Herold,954452645
Gannaway,Bugbird,Roth,954086159
Duckit,Havers,Ilsa,954159926
Hardwich,Crozier,Sondra,954587885
Bartalini,Muffen,Leola,954571476
Penwright,Eyers,Lanna,954955628
Lefridge,Steeden,Moore,954868463
Biggen,Pikett,Marylinda,954459166
Pieroni,Gofton,Aaron,954912834
Jarrette,Wheway,Hersh,954007634
Guenther,Buttler,Jennee,954967306
Sweetenham,Chooter,Maddalena,954319274
Ghest,Golsworthy,Roselia,954793867
Kornas,Mathivon,Lucy,954413801
Heinl,Thoresbie,Eugenie,954868098
Brickham,Neate,Millicent,954304630
Earingey,Gilardone,Patin,954226882
Keble,Sexstone,Alisun,954423922
Bowen,Froude,Avis,954580686
Pauleau,Binestead,Taber,954525658
Baigent,Trevon,Joella,954172009
Odda,Diter,Josiah,954723204
Baldwin,Leech,Mead,954312615
Emmer,McVanamy,Melanie,954526592
Weeds,Beilby,Lanna,954705489
Titterrell,Dearness,Brewster,954977459
Brettor,Brookz,Gard,954289920
Pardon,Kornel,Jerrilyn,954228962
Greenlees,Devanny,Kristan,954423819
Fasset,Filpi,Perri,954093778
Robley,Seagood,Waite,954645705
Tellenbach,Prose,Godfrey,954633473
Greensite,Pietri,Flynn,954841057
Gherardini,Wayon,Drud,954959131
Bruggen,Dalling,Philip,954014789
Lilleycrop,Kitchiner,Nara,954261473
Brogiotti,Josland,Giraud,954841759
Geibel,Roney,Dexter,954924202
Proby,Bottrill,Sherwynd,954858066
Walklett,Grinnov,Jerrine,954975551
Belf,MacIlurick,Julieta,954142071
Kharchinski,Fayerman,Zelig,954966867
Heathcoat,Melonby,Bunnie,954629291
Escofier,Nelthropp,Erroll,954572320
Woolaghan,Cowdery,Ddene,954566513
Malenfant,Piggin,Zedekiah,954798099
Pelosi,Bourcq,Malina,954900270
Iglesias,Crofts,Caria,954279010
Grishakov,Samsworth,Clementina,954121114
Pullen,Dunican,Ardelia,954621722
Campsall,Lauderdale,Pierson,954453376
Schach,Pillifant,Kitty,954461041
McBrier,Sustin,Roderick,954185005
Kear,Baelde,Vladamir,954423623
Ousby,Matej,Tabbitha,954339007
Hawgood,Episcopio,Garrik,954095643
Penhale,Ferry,Fidelia,954020200
Dymick,Wile,Oralle,954220330
Arbon,Blagden,Rycca,954130379
Vankin,Fenby,Haydon,954424950
Grinnell,Bensusan,Bonny,954491464
Gabitis,Lund,Tarah,954046056
Solland,Reyburn,Joya,954595985
Dwyer,Black,Marcy,954888593
Flatt,Louthe,Joleen,954621711
Broader,Flooks,Steffane,954869341
Jopp,Haglington,Rachael,954663928
Gilby,Taw,Douglas,954139039
Waudby,Ikringill,Vail,954678557
Picot,Kingswood,Base,954847107
Folker,Kruse,Alley,954771177
Willman,Pryell,Chico,954209649
Kiossel,Carnow,Cate,954112725
Vaughten,Selvester,Joby,954951275
Cranston,Larrosa,Hetty,954056171
Blundin,Hertwell,Gisela,954463013
Rockliffe,McCosh,Katerine,954330958
Plester,Machon,Lenna,954608730
Mival,Frangleton,Claudie,954343675
Deeprose,Haryngton,Karoly,954617736
Hathorn,Tokley,Mara,954435169
Wolfer,Ruckman,Keely,954854514
Anthill,Vakhonin,Dion,954621494
Rait,Westmacott,Gwynne,954905334
Longhorn,Forst,Glenn,954510168
Bartholin,Selbach,Letta,954138266
Geist,Binney,Jessamine,954681664
Huxtable,Lauxmann,Janos,954496036
Loffill,Joint,Roderigo,954387682
Rathjen,McCallion,Dee,954117452
Donnellan,Quinion,Cathee,954887571
Balcers,Presslie,Seana,954974223
Arling,McGarel,Biddy,954493400
Shoubridge,Kirrage,Kiel,954139279
Dumigan,Meachen,Berti,954527641
Pilkinton,O'Driscole,Patrice,954690667
Rowdell,Vankeev,Brana,954866568
Burdell,Tunniclisse,Minne,954304402
Padmore,Raymond,Erl,954209065
Billie,Scopes,Wallis,954583581
Plastow,Farenden,Retha,954477034
Gronw,D'Costa,Aguste,954241810
Moulsdale,Cuttings,Rubetta,954033463
Mitskevich,Delion,Codi,954322637
Marler,Tomich,Ingelbert,954353185
Kinglake,Merle,Trent,954344061
Upex,Goucher,Waylan,954960356
Redgrave,Firminger,Stanly,954691691
Casolla,Barkshire,Emmye,954910991
Melesk,Burhill,Gusella,954025478
Mayhead,Weekley,Franchot,954146371
Eddowis,Salvadore,Patience,954249904
Dummigan,Chancellor,Jenny,954959516
Cotta,Dubbin,Correna,954030192
Coupar,Ortell,Omero,954813541
Shevill,Ortelt,Jerad,954459336
Raven,Shelliday,Laurence,954357845
Fayerbrother,Pellingar,Denys,954002915
Behnen,Dawidman,Ollie,954014183
Londer,Grellier,Zorana,954921859
Bumphrey,Pritty,Lem,954779130
Hingeley,Pepall,Deni,954668714
Edmunds,Atcheson,Kermie,954067172
Markson,Kemmer,Creight,954037321
Oldford,Killiam,Zacherie,954348203
Zorzenoni,Penner,Sascha,954448948
Vedenichev,Arnet,Dorena,954471903
Siley,Maymond,Jeremy,954641156
Brocks,Puddan,Pedro,954567106
Ollerearnshaw,Jouannin,Puff,954131648
Brogden,Joblin,Jay,954232943
Netley,Ranger,Eugen,954475046
Halligan,Bamforth,Corey,954297889
Boolsen,Gristhwaite,Estrella,954384291
Morgue,Farfoot,Cati,954458874
McLarens,Larkkem,Filbert,954077023
Athowe,Bohike,Cordie,954731777
Stroyan,Roelvink,Kaitlynn,954129288
Baudouin,Greed,Elfreda,954732692
Durrans,Klausewitz,Lothaire,954912134
Cardno,Brahmer,Darwin,954394988
Realph,Espadater,Liesa,954958606
Leethem,Podd,Kerr,954142489
Blenkensop,Januszewski,Gabey,954832444
Steventon,Delgua,Rupert,954097392
Kilian,Blumson,Lulita,954893410
Scaysbrook,Dashkov,Dunc,954972812
Hamor,Franks,Eolanda,954966165
Bertholin,Candelin,Gilly,954203570
Drife,Campagne,Petunia,954425917
Blucher,Lillo,Terry,954606503
Sparke,Jostan,Curt,954444458
Probets,Nuttey,Cariotta,954106339
Cockaday,Lombard,Georgia,954637323
Clowser,Causey,Sabrina,954492794
Elfleet,Egel,Maxie,954154823
Oxenford,Pittoli,Brandyn,954801346
Franciskiewicz,McKyrrelly,Rudie,954917135
Cultcheth,Tomsa,Noelle,954495401
Cayser,Kharchinski,Erasmus,954540527
Callaghan,Whitlaw,Diane-marie,954228984
Neasam,Branni,Sarajane,954786528
Roseaman,Maidment,Shea,954084300
Rispen,Tytler,Huey,954653885
Wildash,O' Donohue,Pennie,954954013
Balbeck,Kohrt,Ashly,954278178
Petronis,Kuhlen,Aryn,954529605
Mainson,Dimitriades,Gabriel,954714208
Baudinelli,Spurrett,Rica,954758852
Tamsett,Mingay,Gilda,954705169
Gladwell,Rasper,Russell,954062696
Davidovici,Stennard,Bevan,954726524
McKew,Motherwell,Gerrie,954223418
Jessope,Hasselby,Sean,954410193
Partington,Dilkes,Daffi,954755975
Whitnall,Regis,Darla,954469953
Norheny,Wardhaugh,Randie,954196872
Barkworth,Caldera,Milka,954246194
Rickertsen,Stairmand,Dolli,954626338
MacUchadair,Furtado,Sandy,954704339
Floyde,Jeanet,Mauricio,954138626
Hamblyn,Finnes,Karisa,954284327
Bewshire,Bamborough,Kendall,954826041
Kerss,Allworthy,Addie,954177270
Maraga,Waber,Hodge,954596390
Sayles,Oliver,Amabel,954511075
Whymark,Sellek,Kristo,954570294
Merrien,Kerridge,Sasha,954742446
Howlin,Thuillier,Renelle,954111240
Losty,Joel,Crissy,954469308
Trenchard,Wilber,Helge,954122529
Camfield,Nazer,Katrine,954561241
Densham,Habbon,Sully,954458025
Spong,Ochterlonie,Bendicty,954635813
Symms,Chiplen,Jeremie,954772440
Clemencon,Emes,Nara,954192925
Olyff,Willgrass,Ethelind,954724242
Cowser,Ferrettini,Meghann,954639711
Lindsey,Fasey,Yves,954209955
Cage,Graser,Henka,954668149
Jahndel,Arnaldi,Cristabel,954441783
Butchart,Grayne,Montgomery,954185876
Stansall,Radeliffe,Ernesta,954056626
Hursey,Yallop,Barr,954079612
Clifforth,Ciepluch,Katherina,954618630
Maudlin,Flaunier,Dorolice,954912491
Dayer,Barr,Reamonn,954051488
Derks,Waterfield,Barnett,954617376
Jandourek,Sibille,Torrie,954846613
Trevenu,MacCroary,Adelaide,954530486
Suttaby,Knatt,Dennet,954958774
Bannard,Danslow,Avrom,954242409
Duggary,McLarty,Afton,954749892
Kingshott,Kyme,Marna,954031116
Zoren,Rugiero,Bryna,954151558
Stranieri,Caldayrou,Katee,954546617
Pinchon,Harrison,Margaretta,954077753
Silkstone,Strathern,Zsa zsa,954856811
Fritschel,Keetch,Veronique,954061845
Davidovici,Sewter,Waldon,954391280
Westmancoat,Marston,El,954842733
Ching,Drewry,Allie,954103856
Stockley,Sproston,Willabella,954603288
Dorre,Phythean,Abraham,954330144
Savoury,Lilloe,Bendix,954652968
Naisbitt,Brainsby,Hermine,954249478
Normansell,Osmar,Vincenz,954648563
Gladdolph,Everit,L;urette,954580677
Buddleigh,Merrington,Cello,954501239
Ruffle,Ellins,Drucill,954005492
Sharp,Varlow,Flss,954870008
Muzzini,Deverose,Tod,954934026
Menhenitt,Kilbey,Rudolph,954144243
Philipart,Schooling,Farlay,954157437
Judkins,Harvison,Christin,954037628
Eingerfield,Culligan,Finn,954313816
Hanley,Vowdon,Niall,954807650
McNally,MacNockater,Kanya,954994492
Iacovini,Gabitis,Madelyn,954271268
Schumacher,Seccombe,Ruprecht,954248171
Espinazo,Everly,Kelbee,954012475
Fawkes,Casine,Harlan,954786097
Valdes,O' Dornan,Melita,954363362
Couth,Haggata,Adrien,954156863
Matresse,Drayn,Jinny,954412174
Sjollema,Myhill,Valina,954969287
Naldrett,Midson,Edlin,954229625
Lilleyman,Massow,Jori,954765941
Swinford,Ferrie,Bibbye,954998093
Scrauniage,Vince,Pate,954280404
Ferrers,Durie,Freddie,954443648
Ronayne,Limprecht,Trumann,954341555
Guittet,Bullion,Wileen,954961375
Gowenlock,Rosenstengel,Benjamen,954151522
Steen,Partrick,Lilla,954399741
Paddie,O'Hoolahan,Hertha,954422846
Durdan,Chantrell,Raynell,954174001
Wartonby,Ivery,Keelia,954504030
Leven,Langworthy,Weber,954602937
McCallister,Gemmell,Stanford,954785193
Force,Alesin,Port,954554272
Chew,Karlsson,Rickie,954419364
Linskill,Hullett,Guthrey,954413395
Delnevo,Scowen,Ellis,954962716
Lemar,Arnatt,Thatch,954537938
Major,Mandre,Shalne,954850038
Otley,Fuidge,Demetris,954918783
Manie,Lismer,Josephine,954009088
Roubert,Kubiak,Benedict,954728266
Marikhin,Buncombe,Susann,954778949
Rosebotham,Deackes,Heda,954626034
Gerraty,Knowlson,Austine,954509041
Mitkcov,Gonsalo,Sherye,954466083
Muzzi,Incogna,Janet,954883077
Danaher,Wolstencroft,Ozzy,954725351
MacKeig,Pavlishchev,Maxi,954835041
Parchment,Mairs,Concordia,954257554
Losebie,Dosdell,Robin,954810571
O' Sullivan,Fodden,Frazer,954793319
Meechan,Roome,Gibb,954832673
Sinnat,Desbrow,Edwina,954532233
Walczynski,Schowenburg,Sonnie,954640997
Chipman,Judgkins,Sheffy,954739330
Lilleman,Bloss,Karlen,954186004
Young,Grayshan,Aleen,954314682
Dehm,Cicetti,Madelle,954385677
Kenningham,Skillen,Sunshine,954574103
Houlahan,Enrique,Hieronymus,954331965
Marion,Triebner,Maurice,954088795
Bernot,Wyd,Livia,954746102
Oxterby,Rotge,Goldarina,954419375
Brosel,Frankcomb,Wernher,954996130
Fenner,Lathbury,Lenard,954221229
Mansel,Kiehnlt,Corby,954164105
Rawlin,Brisset,Neall,954776160
Bramont,Giacobini,Kalli,954741957
Frean,Snelgar,Gracia,954859275
Castanyer,Whitnell,Ode,954585434
Leyes,Mingardo,Nani,954555787
Branchet,Rappa,Camellia,954408868
Franckton,Humphris,Foster,954565239
Smylie,Strafen,Thornie,954899336
Gorges,O'Caherny,Ana,954770284
Martinovsky,Bonevant,Fransisco,954035375
Totton,Domsalla,Nicholle,954430877
Osmar,Peacey,Nicolette,954960132
Grigsby,Siemens,Rabbi,954659218
Toxell,Cohane,Perrine,954756705
Collymore,Ducker,Yasmeen,954607388
Bockler,Paddeley,Nichole,954144346
Snoad,Bullivent,Barret,954495255
Beaumont,Kiffe,Idaline,954167571
Vesty,Turneux,Ninnetta,954564008
Bushel,Whall,Eliza,954550922
Peirce,Haack,Broderic,954398472
Rickett,Dalmon,Elvin,954328404
Chastanet,Spinelli,Tersina,954812509
Ion,Posnett,Barbi,954449176
Estick,Hovey,Franz,954024724
Pummell,Butchard,Jameson,954296895
Haslock(e),Rubes,Wyatan,954691001
Janaszewski,Jimeno,Bartolemo,954592179
Gook,Eagling,Dmitri,954177019
Bezarra,Nock,Lilas,954600047
Arran,Bottell,Alphard,954267376
Dukelow,Belk,Pippy,954507325
Fountian,Huckerby,Milissent,954267466
Duckerin,Gerauld,Rip,954925273
Toffolini,Tebbit,Lowrance,954596792
Szymon,Wiles,Hyman,954010387
Cason,Bendare,Kayley,954528009
Jiracek,Rebbeck,Claretta,954108455
Everson,Broxis,Stanley,954737417
Vlasyuk,Hailwood,Tiebout,954784327
Conibeer,Corss,Elvin,954457720
Kummerlowe,Smallpeace,Vicki,954820032
Feckey,McBayne,Wesley,954677125
Gurry,Rannells,Timmie,954015311
Bolingbroke,Huniwall,Garreth,954688502
Tibalt,Pantin,Delphine,954624403
Wones,Thing,Ianthe,954459934
Brewster,Seeman,Holmes,954280035
Souster,Huzzey,Rosabel,954513184
Renison,Offord,Cara,954378115
Custance,Mazella,Sean,954515034
Stollwerck,Geertje,Wildon,954405002
Ormistone,Branca,Dulcine,954734148
Grosvener,Paolucci,Raquela,954743982
Jefferys,Halfpenny,Fredra,954614153
Crewdson,Petranek,Lotte,954980456
Bugby,Barsby,Una,954916586
Parken,Enterle,Marj,954286147
Shadfourth,Golt,Saree,954117079
Denholm,Hardington,Bryanty,954836306
Cluer,Duferie,Leela,954280466
Fadian,Comerford,Osbourn,954989134
Roubert,Paulson,Gus,954544638
Peoples,Macura,Selle,954820843
Burgise,Gaskill,Fredi,954233037
Axleby,McElhinney,Sabina,954750035
Gladdin,Gowler,Mort,954653603
O'Dunniom,Templar,Katharyn,954149309
Enion,Loadwick,Welbie,954571719
Earp,Benian,Sandi,954435211
Goodbar,Daltrey,Brenn,954453356
Hatrick,Baxstair,Evelyn,954220897
Boneham,Barniss,Baudoin,954306061
Tomczykiewicz,Grenkov,Doyle,954972154
Slowgrave,d' Elboux,Carmon,954434235
O'Flaherty,Wyett,Gayel,954961701
Lintot,Rubke,Dell,954489093
Hufton,Kirwood,Kacy,954505495
Magenny,Vayne,Livy,954163872
Allaker,Grishankov,Odele,954688093
Asaaf,Campos,Tyler,954242781
Kestell,McGenis,Katalin,954093732
Paten,Tring,Hill,954612150
Attryde,Catherine,Jennica,954724936
Sollis,Marlen,Garald,954582109
Basden,MacCumeskey,Tulley,954602278
Grealey,Remmers,Arlene,954551204
Whisby,Clappison,Rosalinda,954919727
Giabucci,Janout,Celeste,954248440
Chesney,Olfert,Collette,954894783
Dilland,Tetla,Mathe,954365056
Bassingham,Sparkwell,Idalia,954864571
Clewlow,Gornar,Syman,954104643
Labbati,Plum,Ulick,954001043
Gruszczak,Braybrooks,Jaquelyn,954431322
Bonnier,Bullivant,Lynelle,954792944
Averill,Simeons,Roxanne,954321524
Menzies,Smy,Tammi,954150464
Murrow,Bielfelt,Kristal,954437431
Dizlie,Izakson,Irving,954333358
Keep,Musgrove,Carmita,954471966
Belbin,Bordman,Leroy,954714945
Bridie,Esmonde,Sherwynd,954202797
Pinkerton,Banthorpe,Domenico,954276057
Hazeman,Sail,Clarine,954087860
Sands-Allan,Negus,Lurleen,954455907
Livingstone,Beaconsall,Elberta,954372299
Bowskill,Bryde,Orrin,954246242
Pencot,Curnokk,Diane,954116123
Agass,Toohey,Revkah,954608670
Kenworth,Zapater,Swen,954444727
Beckingham,Kleinplac,Joelle,954302472
Feldberger,Abramchik,Pamela,954642429
Yakuntzov,Kitchinham,Fidelia,954052618
Seebert,Smith,Sally,954674420
Wooffinden,Venny,Alvinia,954047056
Ivanitsa,Tomney,Tamarah,954645356
Berg,Dudenie,Che,954368582
Bortoletti,Schwaiger,Jodi,954129597
Falconbridge,Christensen,Minnaminnie,954069533
Heditch,Gershom,Caldwell,954728504
Avrahm,McGowing,Kylynn,954186927
Bauchop,Helversen,Lishe,954526112
Rutley,Kimmince,Nobe,954900486
Broodes,Simione,Kareem,954442644
Pattisson,Prosser,Immanuel,954812863
Grand,Oag,Darby,954669257
O' Cuolahan,Jenno,Jeannine,954531956
Degoey,Henric,Giustina,954823015
Pieper,Clulow,Felisha,954482882
Lindl,Churchouse,Bridgette,954331653
Hembery,Jeffries,Herve,954102702
Dubique,Cosin,Milicent,954753526
Mewton,Ivankov,Les,954933395
Konrad,Brooksbank,Clyve,954088830
Crandon,Aime,Stern,954669302
Bubeer,MacCafferky,Mose,954873774
Annell,Essberger,Janean,954294375
Claige,Hawse,Correna,954322922
Begg,McShane,Cordy,954915505
Gomer,Houseley,Selene,954487117
Bordessa,Grumbridge,Nina,954136951
Galloway,Boyett,Cliff,954142268
Lauderdale,Atlay,Kaile,954341596
Elliff,Phizacklea,Hershel,954675615
Sides,Loads,Blisse,954125709
Acory,Martschik,Cyndia,954854065
Dives,Jerke,Stephana,954750356
Lackington,Reford,Dorothy,954821639
Sibille,Hirche,Rica,954969182
Irving,Pietzker,Marielle,954210898
Huonic,Kenafaque,Amii,954630051
Willock,Mahood,Cornelius,954246861
D'Souza,Diboll,Merralee,954116258
Palatini,Vallantine,Dennie,954073958
Farnell,MacConnell,Fletcher,954083480
Shadrack,Savege,Bathsheba,954734478
Bickerstaffe,Olden,Rodina,954356386
Coots,Barraclough,Kev,954936875
McFfaden,Moukes,Claudian,954634655
Champneys,Randerson,Abagael,954741930
Johnston,Amy,Matty,954403502
Ladon,Moyce,Tonye,954187059
Hathway,Kleinhaus,Kyla,954604461
Eyles,Denidge,Clyde,954191571
Jay,Cabbell,Kaja,954677541
Kennard,Kopta,Winnifred,954359724
Dunlea,Narducci,Eolande,954709142
Diss,Meffin,Crystal,954349734
Durden,Sharville,Monroe,954268240
Uglow,Dils,Elwood,954862074
Eighteen,Cottu,Napoleon,954220411
Garr,Joule,Clio,954706592
Etridge,Tax,Gilbertina,954908509
Lett,Edinburough,Tam,954910183
Lambertson,Kemmett,Thornton,954206896
Skeffington,Chasle,Meridel,954171394
Elphick,Speers,Gweneth,954503562
Wanell,Guyonnet,Hobie,954767423
Teliga,Braunton,Odella,954941274
Jupe,Ripsher,Ike,954532233
Rexworthy,Jadczak,Ardelle,954369581
Crome,Averay,Dori,954298454
McKue,Renison,Estel,954259804
Dorsett,Carty,Chris,954614625
Zimmermanns,Welbrock,Magda,954517891
Flaws,Pawelke,Perceval,954776072
Headingham,MacCoveney,Finn,954474312
Cominotti,Evert,Davon,954567803
Grigolon,Slyman,Sissie,954617824
Revie,Haselden,Zorina,954799341
Candelin,Hovert,Janine,954076331
Tobin,Darwin,Pace,954918972
Disman,McGowan,Lew,954553642
Berzen,Taillard,Ceil,954406169
Wheaton,O'Harney,Danya,954661921
O'Crevy,Ryrie,Karmen,954283097
Ough,Habbeshaw,Hilliary,954662049
Cess,Brimilcome,Franklin,954057115
Bamlett,Sigfrid,Dasya,954206858
Castel,Marien,Cass,954809369